<?xml version="1.0" encoding="UTF-8" standalone="yes"?>
<addon id="plugin.video.listo" name="Listo" version="0.0.1" provider-name="AS">
  <requires>
    <import addon="xbmc.python" version="3.0.1" />
  </requires>
  <extension point="xbmc.python.pluginsource" library="addon.py">
    <provides>video</provides>
  </extension>
  <extension point="xbmc.addon.video">
    <summary lang="en_GB">Listado</summary>
    <description lang="en_GB">Tus canales a un click</description>
    <disclaimer lang="en_GB">BETA</disclaimer>
    <platform>all</platform>
    <license>GPL-2.0-or-later</license>
    <source>http://github.com/you/plugin.addon.id</source>
    <news>v0.0.1 (14/10/2024)
      [new] first version
    </news>
    <assets>
        <icon>resources/icon.png</icon>
        <fanart>resources/fanart.jpg</fanart>
    </assets>
  </extension>
</addon>